createEmployer,2021-05-20T12:39:04.748225100
readEmployer,2021-05-20T12:41:12.064059
readEmployer,2021-05-20T13:26:26.869510100
readEmployer,2021-05-20T13:29:08.780813700
readEmployer,2021-05-20T14:34:53.893080900
readEmployer,2021-05-20T14:38:39.535099200
readEmployer,2021-05-20T14:40:52.610839800
readEmployer,2021-05-20T14:44:02.400406800
readEmployer,2021-05-20T15:13:09.052282900
readEmployer,2021-05-20T15:14:05.344812900
readEmployer,2021-05-20T15:14:27.361172600
createEmployer,2021-05-20T15:45:15.061662600
readEmployer,2021-05-20T15:45:17.972184600
readEmployer,2021-05-20T16:09:31.028285500
readEmployer,2021-05-20T16:15:07.540774
readEmployer,2021-05-20T16:19:23.323149500
readEmployer,2021-05-20T16:20:02.140835100
readEmployer,2021-05-20T16:22:54.565482
readEmployer,2021-05-20T16:23:59.298094200
readEmployer,2021-05-20T16:24:37.497682600
readEmployer,2021-05-20T16:26:17.532462300
readEmployer,2021-05-20T16:27:27.309294300
readEmployer,2021-05-20T16:28:52.292432100
readEmployer,2021-05-20T16:29:51.289376
readEmployer,2021-05-20T16:30:58.761752400
deleteEmployer,2021-05-20T16:30:59.851685800
readEmployer,2021-05-20T16:34:41.806419
deleteEmployer,2021-05-20T16:34:43.104707700
readEmployer,2021-05-23T14:34:50.664747600
createEmployer,2021-05-23T14:35:13.467288800
readEmployer,2021-05-23T14:35:15.576079700
readEmployer,2021-05-23T14:35:29.696276100
createEmployer,2021-05-24T17:54:16.691936700
readEmployer,2021-05-24T17:55:00.159256800
deleteEmployer,2021-05-24T17:55:26.183952800
readEmployer,2021-05-24T17:55:50.358144800
readEmployer,2021-05-26T12:08:01.166681900
readEmployer,2021-05-26T12:08:21.793136600
readEmployer,2021-05-26T12:09:41.617362700
readEmployer,2021-05-26T12:18:57.967873400
readEmployer,2021-05-26T12:22:22.580383800
