createJob,2021-05-20T13:26:26.909043700
readJob,2021-05-20T13:29:08.831815700
readJob,2021-05-20T14:34:53.965081600
readJob,2021-05-20T14:38:39.665099600
readJob,2021-05-20T14:40:52.708843
readJob,2021-05-20T14:44:02.572407600
readJob,2021-05-20T15:13:09.118314500
readJob,2021-05-20T15:14:05.401816500
readJob,2021-05-20T15:14:27.417171700
readJob,2021-05-20T15:45:17.974185800
readJob,2021-05-20T16:09:31.075249200
readJob,2021-05-20T16:09:34.618855800
updateJob,2021-05-20T16:09:34.619856900
readJob,2021-05-20T16:15:07.585810800
readJob,2021-05-20T16:19:23.366137900
readJob,2021-05-20T16:20:02.189835200
createJob,2021-05-20T16:20:50.408726700
readJob,2021-05-20T16:22:58.987075900
readJob,2021-05-20T16:24:00.898036100
readJob,2021-05-20T16:24:10.351715100
readJob,2021-05-20T16:24:39.730797500
readJob,2021-05-20T16:24:42.038123500
updateJob,2021-05-20T16:24:42.040127400
readJob,2021-05-20T16:25:11.641143300
readJob,2021-05-20T16:25:15.655580800
updateJob,2021-05-20T16:25:15.656587800
readJob,2021-05-20T16:26:41.726442
updateJob,2021-05-20T16:26:41.733441300
readJob,2021-05-20T16:28:13.509187600
updateJob,2021-05-20T16:28:13.513164300
readJob,2021-05-23T14:55:41.428261500
readJob,2021-05-23T15:01:10.593258300
readJob,2021-05-23T15:01:32.950369400
readJob,2021-05-24T17:55:17.592220700
readJob,2021-05-24T17:55:51.298602
readJob,2021-05-24T17:56:00.532187800
updateJob,2021-05-24T17:56:00.533223700
readJob,2021-05-24T17:56:02.730242100
