createWebinar,2021-05-28T14:47:12.443917100
deleteWebinar,2021-05-28T14:47:42.399354900
deleteWebinar,2021-05-28T14:47:51.647439
createWebinar,2021-05-28T14:47:51.649442200
deleteWebinar,2021-05-28T14:48:13.735794500
deleteWebinar,2021-05-28T15:27:38.382455400
createWebinar,2021-05-28T15:27:38.384459800
deleteWebinar,2021-05-28T15:28:41.242268800
createWebinar,2021-05-28T15:28:41.243271500
deleteWebinar,2021-05-28T15:29:31.674200900
createWebinar,2021-05-28T15:29:31.675202
deleteWebinar,2021-05-28T15:36:30.709829800
createWebinar,2021-05-28T15:36:30.711826800
readWebinar,2021-05-28T15:36:45.944285900
createWebinar,2021-05-28T15:44:15.641766300
readWebinar,2021-05-28T15:45:49.057351500
readWebinar,2021-05-28T15:45:57.948568200
deleteWebinar,2021-05-28T15:45:59.280921900
readWebinar,2021-05-28T15:46:01.324173300
readWebinar,2021-05-28T15:46:09.370398400
deleteWebinar,2021-05-28T15:46:10.034910400
readWebinar,2021-05-28T15:46:11.635371
deleteWebinar,2021-05-28T15:46:12.183666800
